imagen,link,nombre,precio
https://media.zacatrus.com/catalog/product/cache/ede91dc607ff58d6ff51aded48a7a72e/e/n/enchantedadventures_resultado_1.jpg,https://zacatrus.es/unlock-enchanted-adventures.html,"
                                Unlock! Enchanted Adventures                            ","28,79 €"
https://media.zacatrus.com/catalog/product/cache/ede91dc607ff58d6ff51aded48a7a72e/f/t/ft-obsesion-personajes_resultado.jpg,https://zacatrus.es/obsesion-personajes.html,"
                                Obsesión: Personajes                            ","25,20 €"
https://media.zacatrus.com/catalog/product/cache/ede91dc607ff58d6ff51aded48a7a72e/s/p/spectacular_resultado.jpg,https://zacatrus.es/spectacular.html,"
                                Spectacular                            ","31,45 €"
https://media.zacatrus.com/catalog/product/cache/ede91dc607ff58d6ff51aded48a7a72e/f/a/faraway-juego.png,https://zacatrus.es/faraway-2024.html,"
                                Faraway                            ","18,00 €"
https://media.zacatrus.com/catalog/product/cache/ede91dc607ff58d6ff51aded48a7a72e/m/i/misioncumplida_box2024a.jpg,https://zacatrus.es/mision-cumplida.html,"
                                Misión Cumplida                            ","12,55 €"
https://media.zacatrus.com/catalog/product/cache/ede91dc607ff58d6ff51aded48a7a72e/j/u/juego-yokai-pagoda.jpg,https://zacatrus.es/yokai-pagoda.html,"
                                Yokai Pagoda                            ","13,45 €"
https://media.zacatrus.com/catalog/product/cache/ede91dc607ff58d6ff51aded48a7a72e/j/u/juego-coffee-rush_resultado.jpg,https://zacatrus.es/coffee-rush.html,"
                                Coffee Rush                            ","34,99 €"
https://media.zacatrus.com/catalog/product/cache/ede91dc607ff58d6ff51aded48a7a72e/j/u/juego-mini-rogue-expan_web-1024x1024.jpg,https://zacatrus.es/mini-rogue-abismos-de-perdicion.html,"
                                Mini Rogue: Abismos de Perdición                            ","10,75 €"
https://media.zacatrus.com/catalog/product/cache/ede91dc607ff58d6ff51aded48a7a72e/f/l/flip7-mercurio-margen.jpg,https://zacatrus.es/flip-7.html,"
                                Flip 7                            ","14,35 €"
https://media.zacatrus.com/catalog/product/cache/ede91dc607ff58d6ff51aded48a7a72e/j/u/junkartrevolution_resultado.jpg,https://zacatrus.es/junk-art-revolution.html,"
                                Junk Art Revolution                            ","35,99 €"
https://media.zacatrus.com/catalog/product/cache/ede91dc607ff58d6ff51aded48a7a72e/d/u/duneimperiumlinajes_resultado.jpg,https://zacatrus.es/dune-imperium-linajes.html,"
                                Dune Imperium: Linajes                            ","35,99 €"
https://media.zacatrus.com/catalog/product/cache/ede91dc607ff58d6ff51aded48a7a72e/d/a/darkquarter.jpg,https://zacatrus.es/the-dark-quarter.html,"
                                The Dark Quarter                            ","62,05 €"
https://media.zacatrus.com/catalog/product/cache/ede91dc607ff58d6ff51aded48a7a72e/a/v/avio-juego-mesa_1_.jpg,https://zacatrus.es/avio.html,"
                                Avío                            ","11,95 €"
https://media.zacatrus.com/catalog/product/cache/ede91dc607ff58d6ff51aded48a7a72e/j/u/juego-virus.jpg,https://zacatrus.es/virus.html,"
                                Virus                            ","13,46 €"
https://media.zacatrus.com/catalog/product/cache/ede91dc607ff58d6ff51aded48a7a72e/t/o/toma6-juego-de-cartas.jpg,https://zacatrus.es/toma-6.html,"
                                ¡Toma 6!                            ","12,15 €"
https://media.zacatrus.com/catalog/product/cache/ede91dc607ff58d6ff51aded48a7a72e/j/u/juego-virus-halloween-nuevojpg.jpg,https://zacatrus.es/virus-halloween-2023.html,"
                                Virus! Halloween                            ","3,55 €"
https://media.zacatrus.com/catalog/product/cache/ede91dc607ff58d6ff51aded48a7a72e/l/c/lc5001es_1_resultado.jpg,https://zacatrus.es/50-50.html,"
                                50 50                            ","17,99 €"
https://media.zacatrus.com/catalog/product/cache/ede91dc607ff58d6ff51aded48a7a72e/b/a/backstories_resultado.jpg,https://zacatrus.es/back-stories-sola-bajo-el-hielo.html,"
                                Back Stories: Sola Bajo el Hielo                            ","16,20 €"
https://media.zacatrus.com/catalog/product/cache/ede91dc607ff58d6ff51aded48a7a72e/d/e/deadcells.jpg,https://zacatrus.es/dead-cells.html,"
                                Dead Cells                            ","80,99 €"
https://media.zacatrus.com/catalog/product/cache/ede91dc607ff58d6ff51aded48a7a72e/j/u/juego-pelusas_caja3d_rgb.jpg,https://zacatrus.es/pelusas.html,"
                                Pelusas                            ","12,55 €"
https://media.zacatrus.com/catalog/product/cache/ede91dc607ff58d6ff51aded48a7a72e/s/a/saboteur-juego-de-cartas.png,https://zacatrus.es/saboteur.html,"
                                Saboteur                            ","12,15 €"
https://media.zacatrus.com/catalog/product/cache/ede91dc607ff58d6ff51aded48a7a72e/t/a/tarjeta-regalo-zacatrus.png,https://zacatrus.es/tarjezaca.html,"
                                Tarjeta Regalo de Zacatrus, Tarjezaca                            ","6,00 €"
https://media.zacatrus.com/catalog/product/cache/ede91dc607ff58d6ff51aded48a7a72e/j/u/juego-mix-it-monster-edition.jpg,https://zacatrus.es/mix-it-monster-edition.html,"
                                Mix It (Monster Edition)                            ","8,95 €"
https://media.zacatrus.com/catalog/product/cache/ede91dc607ff58d6ff51aded48a7a72e/j/u/juego-la_mar_salada_mockup_resultado.jpg,https://zacatrus.es/oceanos-de-papel-la-mar-salada.html,"
                                Océanos de Papel: La Mar Salada                            ","4,45 €"
,#,,
https://media.zacatrus.com/catalog/product/cache/ede91dc607ff58d6ff51aded48a7a72e/t/r/trasteros_box_01.jpg,https://zacatrus.es/trasteros.html,"
                                Trasteros                            ","17,95 €"
https://media.zacatrus.com/catalog/product/cache/ede91dc607ff58d6ff51aded48a7a72e/h/o/horrified_2.jpg,https://zacatrus.es/horrified.html,"
                                Horrified                            ","44,95 €"
https://media.zacatrus.com/catalog/product/cache/ede91dc607ff58d6ff51aded48a7a72e/i/m/imagen-mazomorra_resultado.jpg,https://zacatrus.es/mazomorra-one-deck-dungeon.html,"
                                Mazomorra: One Deck Dungeon                            ","19,75 €"
https://media.zacatrus.com/catalog/product/cache/ede91dc607ff58d6ff51aded48a7a72e/m/a/maltrago_caja.png,https://zacatrus.es/mal-trago.html,"
                                Mal trago                            ","13,45 €"
https://media.zacatrus.com/catalog/product/cache/ede91dc607ff58d6ff51aded48a7a72e/f/t/ft-faraway-habitantes-subterraneos.jpg,https://zacatrus.es/faraway-habitantes-subterraneos.html,"
                                Faraway: Habitantes Subterráneos                            ","5,40 €"
https://media.zacatrus.com/catalog/product/cache/ede91dc607ff58d6ff51aded48a7a72e/i/k/ikonikus_2_1.jpg,https://zacatrus.es/ikonikus.html,"
                                Ikonikus                            ","12,55 €"
https://media.zacatrus.com/catalog/product/cache/ede91dc607ff58d6ff51aded48a7a72e/p/i/picnic.png,https://zacatrus.es/picnic-2020.html,"
                                Picnic                            ","9,95 €"
https://media.zacatrus.com/catalog/product/cache/ede91dc607ff58d6ff51aded48a7a72e/h/o/horse-fever-1.jpg,https://zacatrus.es/horse-fever.html,"
                                Horse Fever                            ","16,25 €"
https://media.zacatrus.com/catalog/product/cache/ede91dc607ff58d6ff51aded48a7a72e/c/r/criaturasdeseriebexpansioni_caja.png,https://zacatrus.es/criaturas-de-serie-b-expansion-i.html,"
                                Criaturas de serie B - Expansión I                            ","8,95 €"
https://media.zacatrus.com/catalog/product/cache/ede91dc607ff58d6ff51aded48a7a72e/p/e/pelusas-revolution.jpg,https://zacatrus.es/pelusas-revolution.html,"
                                Pelusas Revolution                            ","13,45 €"
https://media.zacatrus.com/catalog/product/cache/ede91dc607ff58d6ff51aded48a7a72e/d/r/draftosaurus_1.jpg,https://zacatrus.es/draftosaurus.html,"
                                Draftosaurus                            ","19,95 €"
https://media.zacatrus.com/catalog/product/cache/ede91dc607ff58d6ff51aded48a7a72e/c/o/coup-x--render.jpg,https://zacatrus.es/coup-x.html,"
                                Coup X                            ","14,95 €"
https://media.zacatrus.com/catalog/product/cache/ede91dc607ff58d6ff51aded48a7a72e/c/a/cabezasherlock_resultado.jpg,https://zacatrus.es/unlock-miniaventuras-en-la-cabeza-de-sherlock-holmes.html,"
                                Unlock! Miniaventuras: En la Cabeza de Sherlock Holmes                            ","6,29 €"
https://media.zacatrus.com/catalog/product/cache/ede91dc607ff58d6ff51aded48a7a72e/p/a/paquetes-de-refuerzo-24-unidades-archazias-island-ingles-disney-lorcana-tcg_resultado.jpg,https://zacatrus.es/lorcana-archazia-s-island-booster.html,"
                                Lorcana - Archazia’s Island: Booster                            ","5,03 €"
https://media.zacatrus.com/catalog/product/cache/ede91dc607ff58d6ff51aded48a7a72e/a/l/altered2_resultado.jpg,https://zacatrus.es/altered-la-prueba-del-hielo-sobre.html,"
                                Altered: La Prueba del Hielo - Sobre                            ","1,97 €"
https://media.zacatrus.com/catalog/product/cache/ede91dc607ff58d6ff51aded48a7a72e/z/e/zenith-render_resultado.jpg,https://zacatrus.es/zenith.html,"
                                Zenith                            ","33,00 €"
https://media.zacatrus.com/catalog/product/cache/ede91dc607ff58d6ff51aded48a7a72e/u/n/unanimo_box2025.jpg,https://zacatrus.es/unanimo.html,"
                                Unánimo                            ","14,35 €"
https://media.zacatrus.com/catalog/product/cache/ede91dc607ff58d6ff51aded48a7a72e/j/u/juego-unlock-mini-gato_resultado.jpg,https://zacatrus.es/unlock-miniaventuras-el-gato-de-schrodinger.html,"
                                Unlock! Miniaventuras: El Gato de Schrödinger                            ","6,99 €"
https://media.zacatrus.com/catalog/product/cache/ede91dc607ff58d6ff51aded48a7a72e/a/l/alteredsusurroslaberinto_resultado.jpg,https://zacatrus.es/altered-susurros-del-laberinto.html,"
                                Altered: Susurros del Laberinto                            ","2,62 €"
https://media.zacatrus.com/catalog/product/cache/ede91dc607ff58d6ff51aded48a7a72e/t/e/teto.jpg,https://zacatrus.es/teto.html,"
                                Teto                            ","15,30 €"
https://media.zacatrus.com/catalog/product/cache/ede91dc607ff58d6ff51aded48a7a72e/f/t/ft-kl-peligros-del-bosque.jpg,https://zacatrus.es/kingdom-legacy-peligros-del-bosque.html,"
                                Kingdom Legacy: Peligros del Bosque                            ","7,20 €"
https://media.zacatrus.com/catalog/product/cache/ede91dc607ff58d6ff51aded48a7a72e/c/i/circusflo.jpg,https://zacatrus.es/circus-flohcati.html,"
                                Circus Flohcati                            ","11,65 €"
https://media.zacatrus.com/catalog/product/cache/ede91dc607ff58d6ff51aded48a7a72e/d/u/duplik_resultado.jpg,https://zacatrus.es/duplik-2025.html,"
                                Duplik                            ","22,49 €"
https://media.zacatrus.com/catalog/product/cache/ede91dc607ff58d6ff51aded48a7a72e/f/u/fuegoyespada.jpg,https://zacatrus.es/guerra-del-anillo-el-juego-de-cartas-fuego-y-espadas.html,"
                                Guerra del Anillo: El Juego de Cartas - Fuego y Espadas                            ","26,99 €"
https://media.zacatrus.com/catalog/product/cache/ede91dc607ff58d6ff51aded48a7a72e/f/o/forestshuffledartmor_resultado.jpg,https://zacatrus.es/forest-shuffle-dartmoor.html,"
                                Forest Shuffle: Dartmoor                            ","25,19 €"
https://media.zacatrus.com/catalog/product/cache/ede91dc607ff58d6ff51aded48a7a72e/7/w/7wondersdice_resultado.jpg,https://zacatrus.es/7-wonders-dice.html,"
                                7 Wonders Dice                            ","26,99 €"
https://media.zacatrus.com/catalog/product/cache/ede91dc607ff58d6ff51aded48a7a72e/c/o/comingofage_resultado.jpg,https://zacatrus.es/coming-of-age.html,"
                                Coming of Age                            ","49,49 €"
https://media.zacatrus.com/catalog/product/cache/ede91dc607ff58d6ff51aded48a7a72e/c/a/cathood.jpg,https://zacatrus.es/cathood.html,"
                                Cathood                            ","27,95 €"
https://media.zacatrus.com/catalog/product/cache/ede91dc607ff58d6ff51aded48a7a72e/_/z/_zac052_posavasos_2.png,https://zacatrus.es/posavasos-2-0.html,"
                                Posavasos 2.0                            ","6,95 €"
https://media.zacatrus.com/catalog/product/cache/ede91dc607ff58d6ff51aded48a7a72e/s/u/sushi-go.jpg,https://zacatrus.es/sushi-go.html,"
                                Sushi Go                            ","8,95 €"
https://media.zacatrus.com/catalog/product/cache/ede91dc607ff58d6ff51aded48a7a72e/c/a/cat_n-devir_1.jpg,https://zacatrus.es/catan-los-colonos-de.html,"
                                Catán, Los Colonos de                             ","38,50 €"
https://media.zacatrus.com/catalog/product/cache/ede91dc607ff58d6ff51aded48a7a72e/a/v/aventura-z-lovecraft.jpg,https://zacatrus.es/aventura-z-vol-1-lovecraft.html,"
                                Aventura Z: Vol. 1 Lovecraft                            ","26,95 €"
https://media.zacatrus.com/catalog/product/cache/ede91dc607ff58d6ff51aded48a7a72e/j/u/juego_ft_obsesion.jpg,https://zacatrus.es/obsesion.html,"
                                Obsesión                            ","63,00 €"
https://media.zacatrus.com/catalog/product/cache/ede91dc607ff58d6ff51aded48a7a72e/j/u/juego-exploradores-bosques_resultado.jpg,https://zacatrus.es/exploradores-de-los-bosques.html,"
                                Exploradores de los Bosques                            ","26,95 €"
https://media.zacatrus.com/catalog/product/cache/ede91dc607ff58d6ff51aded48a7a72e/t/i/tirnanog.jpg,https://zacatrus.es/tir-na-nog.html,"
                                Tír na nÓg                            ","24,94 €"
https://media.zacatrus.com/catalog/product/cache/ede91dc607ff58d6ff51aded48a7a72e/_/t/_trg-117car_carnival_of_sins_resultado.jpg,https://zacatrus.es/carnival-of-sins.html,"
                                Carnival of Sins                            ","16,15 €"
https://media.zacatrus.com/catalog/product/cache/ede91dc607ff58d6ff51aded48a7a72e/f/t/ft-earthborne-protectores-del-valle-2.jpg,https://zacatrus.es/earthborne-rangers-protectores-del-valle.html,"
                                Earthborne Rangers: Protectores del Valle                            ","36,00 €"
https://media.zacatrus.com/catalog/product/cache/ede91dc607ff58d6ff51aded48a7a72e/a/d/adamastor_resultado.jpg,https://zacatrus.es/adamastor.html,"
                                Adamastor                            ","17,99 €"
https://media.zacatrus.com/catalog/product/cache/ede91dc607ff58d6ff51aded48a7a72e/l/c/lcda_juego_bazas_resultado.jpg,https://zacatrus.es/la-comunidad-del-anillo-el-juego-de-bazas.html,"
                                La Comunidad del Anillo: El Juego de Bazas                            ","22,49 €"
https://media.zacatrus.com/catalog/product/cache/ede91dc607ff58d6ff51aded48a7a72e/k/i/kingdom_legacy.jpg,https://zacatrus.es/kingdom-legacy.html,"
                                Kingdom Legacy                            ","14,40 €"
https://media.zacatrus.com/catalog/product/cache/ede91dc607ff58d6ff51aded48a7a72e/c/o/cortesanos_1.jpg,https://zacatrus.es/cortesanos.html,"
                                Cortesanos                            ","18,00 €"
https://media.zacatrus.com/catalog/product/cache/ede91dc607ff58d6ff51aded48a7a72e/f/o/fotocajacacaculopedopis.jpg,https://zacatrus.es/cacaculopedopis.html,"
                                CacaCuloPedoPis                            ","13,50 €"
https://media.zacatrus.com/catalog/product/cache/ede91dc607ff58d6ff51aded48a7a72e/j/u/juego.mini-rogue_web-1024x1024.jpg,https://zacatrus.es/mini-rogue.html,"
                                Mini Rogue                            ","20,65 €"
https://media.zacatrus.com/catalog/product/cache/ede91dc607ff58d6ff51aded48a7a72e/c/r/critter_kitchen.jpg,https://zacatrus.es/critter-kitchen.html,"
                                Critter Kitchen                            ","36,00 €"
,#,,
https://media.zacatrus.com/catalog/product/cache/ede91dc607ff58d6ff51aded48a7a72e/j/u/juego-paquetes-de-refuerzo-ursula-s-return-ingles-lorcana.jpg,https://zacatrus.es/lorcana-ursula-s-return-booster.html,"
                                Lorcana - Ursula's Return: Booster                            ","4,80 €"
https://media.zacatrus.com/catalog/product/cache/ede91dc607ff58d6ff51aded48a7a72e/d/i/diluvio_render_resultado.jpg,https://zacatrus.es/diluvio.html,"
                                Diluvio                            ","24,95 €"
https://media.zacatrus.com/catalog/product/cache/ede91dc607ff58d6ff51aded48a7a72e/f/t/ft_brassbir-400x400_3.jpg,https://zacatrus.es/brass-birmingham-deluxe.html,"
                                Brass: Birmingham Deluxe                            ","72,00 €"
https://media.zacatrus.com/catalog/product/cache/ede91dc607ff58d6ff51aded48a7a72e/j/u/juego-paquetes-de-refuerzo-24-unidades-shimmering-skies-ingles-disney-lorcana-tcg_resultado.jpg,https://zacatrus.es/lorcana-shimmering-skies-booster.html,"
                                Lorcana - Shimmering Skies: Booster                            ","4,80 €"
https://media.zacatrus.com/catalog/product/cache/ede91dc607ff58d6ff51aded48a7a72e/j/u/juego-play-hit_resultado.jpg,https://zacatrus.es/play-hit.html,"
                                Play'Hit                            ","17,99 €"
https://media.zacatrus.com/catalog/product/cache/ede91dc607ff58d6ff51aded48a7a72e/d/i/diaspora-zero-3d_resultado.jpg,https://zacatrus.es/diaspora-zero.html,"
                                Diáspora Zero                            ","7,95 €"
https://media.zacatrus.com/catalog/product/cache/ede91dc607ff58d6ff51aded48a7a72e/j/u/juego-trio_resultado.jpg,https://zacatrus.es/trio.html,"
                                Trio                            ","11,69 €"
,#,,
https://media.zacatrus.com/catalog/product/cache/ede91dc607ff58d6ff51aded48a7a72e/l/i/listillo-caja-render-min.jpg,https://zacatrus.es/listillo.html,"
                                Listillo                            ","19,95 €"
https://media.zacatrus.com/catalog/product/cache/ede91dc607ff58d6ff51aded48a7a72e/o/n/one-piece-nakama-friends-enemies-en-espanol-juego-de-mesa-de-tcg-factory.jpg,https://zacatrus.es/one-piece-nakama-amigos-y-enemigos.html,"
                                One Piece Nakama: Amigos y Enemigos                            ","22,50 €"
https://media.zacatrus.com/catalog/product/cache/ede91dc607ff58d6ff51aded48a7a72e/m/o/mock-up-mosquito.jpg,https://zacatrus.es/mosquito-2024.html,"
                                Mosquito                            ","12,15 €"
https://media.zacatrus.com/catalog/product/cache/ede91dc607ff58d6ff51aded48a7a72e/b/a/batallahoth_resultado.jpg,https://zacatrus.es/star-wars-la-batalla-de-hoth.html,"
                                Star Wars: La Batalla de Hoth                            ","44,95 €"
https://media.zacatrus.com/catalog/product/cache/ede91dc607ff58d6ff51aded48a7a72e/a/s/astroknights.jpg,https://zacatrus.es/astro-knights.html,"
                                Astro Knights                            ","40,45 €"
https://media.zacatrus.com/catalog/product/cache/ede91dc607ff58d6ff51aded48a7a72e/b/o/bosque_encantado.jpg,https://zacatrus.es/bosque-encantado.html,"
                                Bosque Encantado                            ","15,00 €"
https://media.zacatrus.com/catalog/product/cache/ede91dc607ff58d6ff51aded48a7a72e/s/p/spoilers__travel_edition.jpeg,https://zacatrus.es/spoilers-travel-edition.html,"
                                Spoilers: Travel Edition                            ","7,95 €"
https://media.zacatrus.com/catalog/product/cache/ede91dc607ff58d6ff51aded48a7a72e/j/u/juego-carcassonne.jpeg,https://zacatrus.es/carcassonne.html,"
                                Carcassonne                            ","26,99 €"
https://media.zacatrus.com/catalog/product/cache/ede91dc607ff58d6ff51aded48a7a72e/7/w/7wonders-duel.png,https://zacatrus.es/7-wonders-duel.html,"
                                7 Wonders Duel                            ","26,95 €"
https://media.zacatrus.com/catalog/product/cache/ede91dc607ff58d6ff51aded48a7a72e/c/o/codigo-secreto_1.jpg,https://zacatrus.es/codigo-secreto.html,"
                                Código secreto                            ","22,49 €"
https://media.zacatrus.com/catalog/product/cache/ede91dc607ff58d6ff51aded48a7a72e/f/t/ft-kl-tierras-lejanas-600x814.jpg,https://zacatrus.es/kingdom-legacy-tierras-lejanas.html,"
                                Kingdom Legacy: Tierras Lejanas                            ","15,30 €"
https://media.zacatrus.com/catalog/product/cache/ede91dc607ff58d6ff51aded48a7a72e/w/c/wc_3d_resultado.jpg,https://zacatrus.es/criaturas-maravillosas.html,"
                                Criaturas Maravillosas                            ","62,90 €"
https://media.zacatrus.com/catalog/product/cache/ede91dc607ff58d6ff51aded48a7a72e/_/t/_trg-122abr_abra_palabra_resultado.jpg,https://zacatrus.es/abra-palabra.html,"
                                Abra Palabra                            ","12,55 €"
https://media.zacatrus.com/catalog/product/cache/ede91dc607ff58d6ff51aded48a7a72e/f/t/ft-critter-kitchen-a-la-carta.jpg,https://zacatrus.es/critter-kitchen-a-la-carta.html,"
                                Critter Kitchen: A la Carta                            ","22,50 €"
https://media.zacatrus.com/catalog/product/cache/ede91dc607ff58d6ff51aded48a7a72e/f/l/fliptown-pistolero-solitario.jpg,https://zacatrus.es/fliptown-pistolero-solitario.html,"
                                Fliptown: Pistolero Solitario                            ","10,80 €"
https://media.zacatrus.com/catalog/product/cache/ede91dc607ff58d6ff51aded48a7a72e/u/n/unmatched-the-witcher-realms-fall-en-espanol-juego-de-mesa-tcg-factory_resultado.jpg,https://zacatrus.es/unmatched-the-witcher-realms-fall.html,"
                                Unmatched The Witcher: Realms Fall                            ","43,20 €"
https://media.zacatrus.com/catalog/product/cache/ede91dc607ff58d6ff51aded48a7a72e/u/n/unmatched-the-witcher-steel-silver-en-espanol-juego-de-mesa-tcg-factory_resultado.jpg,https://zacatrus.es/unmatched-the-witcher-steel-and-silver.html,"
                                Unmatched The Witcher: Steel & Silver                            ","43,20 €"
https://media.zacatrus.com/catalog/product/cache/ede91dc607ff58d6ff51aded48a7a72e/t/a/tapete-mockup-elria_resultado.jpg,https://zacatrus.es/mundo-abierto-elria-tapete-de-juego.html,"
                                Mundo Abierto: Elria - Tapete de juego                            ","15,25 €"
https://media.zacatrus.com/catalog/product/cache/ede91dc607ff58d6ff51aded48a7a72e/d/a/darkquarterlostnight.jpg,https://zacatrus.es/the-dark-quarter-lost-to-the-night.html,"
                                The Dark Quarter: Lost to the Night                            ","36,85 €"
https://media.zacatrus.com/catalog/product/cache/ede91dc607ff58d6ff51aded48a7a72e/c/a/cathood-family-and-friends.png,https://zacatrus.es/cathood-family-and-friends.html,"
                                Cathood: Family and Friends                            ","9,95 €"
https://media.zacatrus.com/catalog/product/cache/ede91dc607ff58d6ff51aded48a7a72e/a/v/aventura-z-2-_heroes.png,https://zacatrus.es/aventura-z-vol-2-heroes.html,"
                                Aventura Z: Vol. 2 Héroes                            ","26,95 €"
https://media.zacatrus.com/catalog/product/cache/ede91dc607ff58d6ff51aded48a7a72e/j/u/juego-dinofiesta.jpg,https://zacatrus.es/dino-fiesta.html,"
                                Dino Fiesta                            ","12,15 €"
https://media.zacatrus.com/catalog/product/cache/ede91dc607ff58d6ff51aded48a7a72e/j/u/juego-formula.jpg,https://zacatrus.es/formula.html,"
                                Fórmula                            ","13,45 €"
https://media.zacatrus.com/catalog/product/cache/ede91dc607ff58d6ff51aded48a7a72e/j/u/juego-extincion.png,https://zacatrus.es/extincion.html,"
                                ¡Extinción!                            ","14,35 €"
https://media.zacatrus.com/catalog/product/cache/ede91dc607ff58d6ff51aded48a7a72e/e/n/ensaladadepuntos_caja.png,https://zacatrus.es/ensalada-de-puntos.html,"
                                Ensalada de puntos                            ","12,59 €"
https://media.zacatrus.com/catalog/product/cache/ede91dc607ff58d6ff51aded48a7a72e/-/p/-pre-venta-black-sonata.jpg,https://zacatrus.es/black-sonata.html,"
                                Black Sonata                            ","27,00 €"
https://media.zacatrus.com/catalog/product/cache/ede91dc607ff58d6ff51aded48a7a72e/p/i/pick_a_cerdo-caja.png,https://zacatrus.es/pick-a-cerdo-2024.html,"
                                Pick a Cerdo                            ","6,76 €"
https://media.zacatrus.com/catalog/product/cache/ede91dc607ff58d6ff51aded48a7a72e/b/a/banana-azul.jpg,https://zacatrus.es/bananazul.html,"
                                Bananazul                            ","7,48 €"
https://media.zacatrus.com/catalog/product/cache/ede91dc607ff58d6ff51aded48a7a72e/c/a/caja_alakatrus-_render.jpg,https://zacatrus.es/alakatrus.html,"
                                Alakatrus                            ","9,95 €"
https://media.zacatrus.com/catalog/product/cache/ede91dc607ff58d6ff51aded48a7a72e/c/a/caja_render.jpg,https://zacatrus.es/monstervania.html,"
                                Monstervania                            ","17,50 €"
https://media.zacatrus.com/catalog/product/cache/ede91dc607ff58d6ff51aded48a7a72e/k/r/kryptex_box_3d.png,https://zacatrus.es/kryptex.html,"
                                Kryptex                            ","14,95 €"
https://media.zacatrus.com/catalog/product/cache/ede91dc607ff58d6ff51aded48a7a72e/j/u/juego-arcana-rising.jpg,https://zacatrus.es/arcana-rising.html,"
                                Arcana Rising                            ","14,98 €"
https://media.zacatrus.com/catalog/product/cache/ede91dc607ff58d6ff51aded48a7a72e/t/h/tholos_2.jpg,https://zacatrus.es/tholos.html,"
                                Tholos (2ª ed.)                            ","12,50 €"
https://media.zacatrus.com/catalog/product/cache/ede91dc607ff58d6ff51aded48a7a72e/l/o/loops-juego.jpg,https://zacatrus.es/loops.html,"
                                Loops                            ","11,95 €"
https://media.zacatrus.com/catalog/product/cache/ede91dc607ff58d6ff51aded48a7a72e/2/4/24_horas-min.png,https://zacatrus.es/24h.html,"
                                24h                            ","12,50 €"
https://media.zacatrus.com/catalog/product/cache/ede91dc607ff58d6ff51aded48a7a72e/e/l/el_portero_baldomero_1.jpg,https://zacatrus.es/el-portero-baldomero.html,"
                                El Portero Baldomero                            ","14,95 €"
https://media.zacatrus.com/catalog/product/cache/ede91dc607ff58d6ff51aded48a7a72e/_/t/_trg-142pel_oc_anos_de_papel__papelillos_a_la_mar.jpg,https://zacatrus.es/oceanos-de-papel-papelillos-a-la-mar.html,"
                                Océanos de Papel: Papelillos a la mar                            ","4,45 €"
https://media.zacatrus.com/catalog/product/cache/ede91dc607ff58d6ff51aded48a7a72e/c/a/castle-combo.jpg,https://zacatrus.es/castle-combo.html,"
                                Castle Combo                            ","18,00 €"
https://media.zacatrus.com/catalog/product/cache/ede91dc607ff58d6ff51aded48a7a72e/n/a/nacidosbrumametalicas.jpg,https://zacatrus.es/nacidos-de-la-bruma-fichas-metalicas.html,"
                                Nacidos de la Bruma - Fichas Metálicas                            ","13,50 €"
https://media.zacatrus.com/catalog/product/cache/ede91dc607ff58d6ff51aded48a7a72e/s/t/strange-world.jpg,https://zacatrus.es/strange-world.html,"
                                Strange World                            ","14,35 €"
https://media.zacatrus.com/catalog/product/cache/ede91dc607ff58d6ff51aded48a7a72e/_/n/_ndice_6_2.jpeg,https://zacatrus.es/the-mind.html,"
                                The Mind                            ","13,45 €"
https://media.zacatrus.com/catalog/product/cache/ede91dc607ff58d6ff51aded48a7a72e/j/u/juego-despistas_resultado.jpg,https://zacatrus.es/despistas.html,"
                                Despistas                            ","13,45 €"
https://media.zacatrus.com/catalog/product/cache/ede91dc607ff58d6ff51aded48a7a72e/j/u/juego-bitoku-resutoran_resultado.jpg,https://zacatrus.es/bitoku-resutoran.html,"
                                Bitoku: Resutoran                            ","13,00 €"
https://media.zacatrus.com/catalog/product/cache/ede91dc607ff58d6ff51aded48a7a72e/_/t/_trg-125pul_pulitzer_resultado.jpg,https://zacatrus.es/pulitzer.html,"
                                Pulitzer                            ","53,95 €"
https://media.zacatrus.com/catalog/product/cache/ede91dc607ff58d6ff51aded48a7a72e/c/a/catbetweenus.jpg,https://zacatrus.es/cat-between-us.html,"
                                Cat Between Us                            ","13,50 €"
https://media.zacatrus.com/catalog/product/cache/ede91dc607ff58d6ff51aded48a7a72e/p/i/piratasmaracaibocomandantes.jpg,https://zacatrus.es/piratas-de-maracaibo-comandantes.html,"
                                Piratas de Maracaibo: Comandantes                            ","31,49 €"
https://media.zacatrus.com/catalog/product/cache/ede91dc607ff58d6ff51aded48a7a72e/_/t/_trg-143flo_pixies__flower_power.jpg,https://zacatrus.es/pixies-flower-power.html,"
                                Pixies: Flower Power                            ","4,45 €"
https://media.zacatrus.com/catalog/product/cache/ede91dc607ff58d6ff51aded48a7a72e/h/e/hercules-juego.jpg,https://zacatrus.es/hercules.html,"
                                Hércules                            ","11,50 €"
https://media.zacatrus.com/catalog/product/cache/ede91dc607ff58d6ff51aded48a7a72e/d/r/draftosaurus-marina.png,https://zacatrus.es/draftosaurus-marina.html,"
                                Draftosaurus: Marina                            ","10,36 €"
https://media.zacatrus.com/catalog/product/cache/ede91dc607ff58d6ff51aded48a7a72e/j/u/justone_resultado.jpg,https://zacatrus.es/just-one.html,"
                                Just One                            ","21,99 €"
https://media.zacatrus.com/catalog/product/cache/ede91dc607ff58d6ff51aded48a7a72e/c/r/criaturasdeserieb_caja.png,https://zacatrus.es/criaturas-de-serie-b.html,"
                                Criaturas de serie B                            ","20,65 €"
https://media.zacatrus.com/catalog/product/cache/ede91dc607ff58d6ff51aded48a7a72e/p/a/pajarracos_party.jpeg,https://zacatrus.es/pajarracos-party.html,"
                                Pajarracos Party                            ","9,95 €"
https://media.zacatrus.com/catalog/product/cache/ede91dc607ff58d6ff51aded48a7a72e/a/r/ark_nova.jpg,https://zacatrus.es/ark-nova.html,"
                                Ark Nova                            ","58,50 €"
,#,,
https://media.zacatrus.com/catalog/product/cache/ede91dc607ff58d6ff51aded48a7a72e/h/i/hive-pocket.png,https://zacatrus.es/hive-pocket.html,"
                                Hive Pocket                            ","22,50 €"
https://media.zacatrus.com/catalog/product/cache/ede91dc607ff58d6ff51aded48a7a72e/i/n/incomodos_invitados_1.jpg,https://zacatrus.es/incomodos-invitados.html,"
                                Incómodos Invitados                            ","37,95 €"
https://media.zacatrus.com/catalog/product/cache/ede91dc607ff58d6ff51aded48a7a72e/f/a/fantasma-blitz_2.jpg,https://zacatrus.es/fantasma-blitz.html,"
                                Fantasma Blitz                            ","13,25 €"
https://media.zacatrus.com/catalog/product/cache/ede91dc607ff58d6ff51aded48a7a72e/e/l/el-misterio-de-la-abadia.jpg,https://zacatrus.es/el-misterio-de-la-abadia.html,"
                                El Misterio de la Abadía                            ","36,00 €"
https://media.zacatrus.com/catalog/product/cache/ede91dc607ff58d6ff51aded48a7a72e/f/t/ft_cubirds-600x600_1.jpg,https://zacatrus.es/cubirds.html,"
                                CuBirds                            ","13,50 €"
https://media.zacatrus.com/catalog/product/cache/ede91dc607ff58d6ff51aded48a7a72e/w/i/wingspan.png,https://zacatrus.es/wingspan.html,"
                                Wingspan                            ","49,50 €"
,#,,
https://media.zacatrus.com/catalog/product/cache/ede91dc607ff58d6ff51aded48a7a72e/c/o/covenant.jpg,https://zacatrus.es/covenant.html,"
                                Covenant                            ","54,00 €"
https://media.zacatrus.com/catalog/product/cache/ede91dc607ff58d6ff51aded48a7a72e/c/o/coffeerushtartas_resultado.jpg,https://zacatrus.es/coffee-rush-tartas-deliciosas.html,"
                                Coffee Rush: Tartas Deliciosas                            ","22,49 €"
https://media.zacatrus.com/catalog/product/cache/ede91dc607ff58d6ff51aded48a7a72e/z/e/zenithsecretagents.jpg,https://zacatrus.es/zenith-secret-agents.html,"
                                Zenith: Secret Agents                            ","5,50 €"
https://media.zacatrus.com/catalog/product/cache/ede91dc607ff58d6ff51aded48a7a72e/t/h/thelastlighthouse_resultado.jpg,https://zacatrus.es/the-last-lighthouse.html,"
                                The Last Lighthouse                            ","17,95 €"
https://media.zacatrus.com/catalog/product/cache/ede91dc607ff58d6ff51aded48a7a72e/f/t/ft-una-aventura-salvaje.jpg,https://zacatrus.es/una-aventura-salvaje.html,"
                                Una Aventura Salvaje                            ","27,00 €"
https://media.zacatrus.com/catalog/product/cache/ede91dc607ff58d6ff51aded48a7a72e/j/u/juego-valle-secreto.jpg,https://zacatrus.es/el-valle-secreto.html,"
                                El Valle Secreto                            ","7,48 €"
https://media.zacatrus.com/catalog/product/cache/ede91dc607ff58d6ff51aded48a7a72e/e/x/exitacademiaartesmagicas.jpg,https://zacatrus.es/exit-25-la-academia-de-las-artes-magicas.html,"
                                Exit 25: La Academia de las Artes Mágicas                            ","13,50 €"
https://media.zacatrus.com/catalog/product/cache/ede91dc607ff58d6ff51aded48a7a72e/p/a/panots-juego-mesa.png,https://zacatrus.es/panots.html,"
                                Panots                            ","13,95 €"
https://media.zacatrus.com/catalog/product/cache/ede91dc607ff58d6ff51aded48a7a72e/p/r/prado_resultado.jpg,https://zacatrus.es/prado.html,"
                                Prado                            ","21,95 €"
https://media.zacatrus.com/catalog/product/cache/ede91dc607ff58d6ff51aded48a7a72e/m/a/mazomorra-one-deck-dungeon-bosque-sombrio-castellano.jpg,https://zacatrus.es/mazomorra-one-deck-dungeon-bosque-sombrio.html,"
                                Mazomorra: One Deck Dungeon - Bosque Sombrío                            ","19,75 €"
,#,,
https://media.zacatrus.com/catalog/product/cache/ede91dc607ff58d6ff51aded48a7a72e/z/a/zampa_la_granja_1_1.jpg,https://zacatrus.es/zampa-la-granja-multi-lengua.html,"
                                Zampa la granja                            ","12,00 €"
https://media.zacatrus.com/catalog/product/cache/ede91dc607ff58d6ff51aded48a7a72e/_/a/_arre_unicornio_.jpeg,https://zacatrus.es/arre-unicornio.html,"
                                ¡Arre unicornio!                            ","14,95 €"
https://media.zacatrus.com/catalog/product/cache/ede91dc607ff58d6ff51aded48a7a72e/j/u/juego-agricola.jpg,https://zacatrus.es/agricola.html,"
                                Agricola                            ","55,99 €"
https://media.zacatrus.com/catalog/product/cache/ede91dc607ff58d6ff51aded48a7a72e/d/o/dontgetgoted_caja.png,https://zacatrus.es/don-t-get-got.html,"
                                Don't Get Got                            ","18,45 €"
https://media.zacatrus.com/catalog/product/cache/ede91dc607ff58d6ff51aded48a7a72e/j/u/juego-help-arrives.jpg,https://zacatrus.es/help-arrives.html,"
                                Help Arrives!                            ","36,72 €"
https://media.zacatrus.com/catalog/product/cache/ede91dc607ff58d6ff51aded48a7a72e/j/u/juego-ten.jpg,https://zacatrus.es/ten.html,"
                                TEN                            ","12,42 €"
https://media.zacatrus.com/catalog/product/cache/ede91dc607ff58d6ff51aded48a7a72e/b/o/boomie-busters_resultado.jpg,https://zacatrus.es/boomie-busters.html,"
                                Boomie Busters                            ","11,00 €"
https://media.zacatrus.com/catalog/product/cache/ede91dc607ff58d6ff51aded48a7a72e/j/u/juego-harmonies_resultado.jpg,https://zacatrus.es/harmonies.html,"
                                Harmonies                            ","34,99 €"
https://media.zacatrus.com/catalog/product/cache/ede91dc607ff58d6ff51aded48a7a72e/j/u/juego-vamos-pegarnos-espadas-mentira_resultado.jpg,https://zacatrus.es/vamos-a-pegarnos-con-espadas-de-mentira.html,"
                                Vamos a Pegarnos con Espadas de Mentira                            ","22,49 €"
https://media.zacatrus.com/catalog/product/cache/ede91dc607ff58d6ff51aded48a7a72e/k/o/koinobori_1.jpg,https://zacatrus.es/koinobori.html,"
                                Koinobori                            ","9,42 €"
https://media.zacatrus.com/catalog/product/cache/ede91dc607ff58d6ff51aded48a7a72e/j/u/juego-chao-pescao.jpg,https://zacatrus.es/chao-pescao.html,"
                                Chao Pescao                            ","21,55 €"
https://media.zacatrus.com/catalog/product/cache/ede91dc607ff58d6ff51aded48a7a72e/j/u/juego-dice-throne1.jpg,https://zacatrus.es/dice-throne-barbaro-vs-elfa-lunar.html,"
                                Dice Throne: Bárbaro vs. Elfa Lunar                            ","26,95 €"
https://media.zacatrus.com/catalog/product/cache/ede91dc607ff58d6ff51aded48a7a72e/j/u/juego-skull-king.jpg,https://zacatrus.es/skull-king-2023.html,"
                                Skull King                            ","18,00 €"
https://media.zacatrus.com/catalog/product/cache/ede91dc607ff58d6ff51aded48a7a72e/j/u/juego-quick-stop_resultado.jpg,https://zacatrus.es/quick-stop.html,"
                                Quick Stop                            ","19,99 €"
https://media.zacatrus.com/catalog/product/cache/ede91dc607ff58d6ff51aded48a7a72e/f/t/ft_kingdom-legacy-fundamentos.jpg,https://zacatrus.es/kingdom-legacy-fundamentos.html,"
                                Kingdom Legacy: Fundamentos                            ","13,50 €"
https://media.zacatrus.com/catalog/product/cache/ede91dc607ff58d6ff51aded48a7a72e/c/a/catan-juego-cartas.jpg,https://zacatrus.es/catan-juego-de-cartas.html,"
                                Catan juego de cartas                            ","9,00 €"
https://media.zacatrus.com/catalog/product/cache/ede91dc607ff58d6ff51aded48a7a72e/j/a/jaipur_caja.png,https://zacatrus.es/jaipur-2019.html,"
                                Jaipur                            ","19,99 €"
https://media.zacatrus.com/catalog/product/cache/ede91dc607ff58d6ff51aded48a7a72e/r/e/red7.png,https://zacatrus.es/red7.html,"
                                Red7                            ","12,55 €"
https://media.zacatrus.com/catalog/product/cache/ede91dc607ff58d6ff51aded48a7a72e/5/5/550x550.jpg,https://zacatrus.es/el-rey-de-los-dados.html,"
                                El Rey de los Dados                            ","17,99 €"
https://media.zacatrus.com/catalog/product/cache/ede91dc607ff58d6ff51aded48a7a72e/w/e/welcome_hacia_el_perfecto_hogar_2.jpg,https://zacatrus.es/welcome-hacia-el-perfecto-hogar.html,"
                                Welcome Hacia el Perfecto Hogar                            ","22,45 €"
https://media.zacatrus.com/catalog/product/cache/ede91dc607ff58d6ff51aded48a7a72e/e/l/el-laberinto-magico.jpg,https://zacatrus.es/el-laberinto-magico.html,"
                                El Laberinto Mágico                            ","31,50 €"
https://media.zacatrus.com/catalog/product/cache/ede91dc607ff58d6ff51aded48a7a72e/a/v/aventureros-europa-caja.jpg,https://zacatrus.es/aventureros-al-tren-europa.html,"
                                ¡Aventureros al tren! Europa                            ","43,19 €"
https://media.zacatrus.com/catalog/product/cache/ede91dc607ff58d6ff51aded48a7a72e/f/i/fivetribes_caja_1.jpg,https://zacatrus.es/five-tribus-los-genios-de-naqala.html,"
                                Five Tribes. Los genios de Naqala                            ","49,50 €"
https://media.zacatrus.com/catalog/product/cache/ede91dc607ff58d6ff51aded48a7a72e/a/n/antarctica.jpeg,https://zacatrus.es/antarctica.html,"
                                Antarctica                            ","6,36 €"
https://media.zacatrus.com/catalog/product/cache/ede91dc607ff58d6ff51aded48a7a72e/j/u/juego-bizarre-bid.jpg,https://zacatrus.es/bizarre-bid.html,"
                                Bizarre Bid                            ","9,27 €"
https://media.zacatrus.com/catalog/product/cache/ede91dc607ff58d6ff51aded48a7a72e/j/u/juego-cascadia.jpg,https://zacatrus.es/cascadia.html,"
                                Cascadia                            ","35,95 €"
https://media.zacatrus.com/catalog/product/cache/ede91dc607ff58d6ff51aded48a7a72e/j/u/juego-smart10.png,https://zacatrus.es/smart-10.html,"
                                Smart 10                            ","22,45 €"
https://media.zacatrus.com/catalog/product/cache/ede91dc607ff58d6ff51aded48a7a72e/j/u/juego-karak.jpg,https://zacatrus.es/karak.html,"
                                Karak                            ","31,50 €"
https://media.zacatrus.com/catalog/product/cache/ede91dc607ff58d6ff51aded48a7a72e/p/o/popcorn_1.jpg,https://zacatrus.es/popcorn-dice.html,"
                                Popcorn Dice                            ","17,95 €"
https://media.zacatrus.com/catalog/product/cache/ede91dc607ff58d6ff51aded48a7a72e/j/u/juego-las-torres-errantes.jpg,https://zacatrus.es/las-torres-errantes.html,"
                                Las Torres Errantes                            ","35,95 €"
https://media.zacatrus.com/catalog/product/cache/ede91dc607ff58d6ff51aded48a7a72e/j/u/juego-ft_cat-in-the-box.jpg,https://zacatrus.es/cat-in-the-box.html,"
                                Cat in the Box                            ","25,19 €"
https://media.zacatrus.com/catalog/product/cache/ede91dc607ff58d6ff51aded48a7a72e/j/u/juego-ajedrez_mockup_resultado.jpg,https://zacatrus.es/ajedrez-con-merybliya.html,"
                                Ajedrez con Merybliya                            ","24,95 €"
https://media.zacatrus.com/catalog/product/cache/ede91dc607ff58d6ff51aded48a7a72e/j/u/juego-cubimag-mini.jpg,https://zacatrus.es/cubimag-mini.html,"
                                Cubimag Mini                            ","12,14 €"
https://media.zacatrus.com/catalog/product/cache/ede91dc607ff58d6ff51aded48a7a72e/j/u/juego-unlock-recetas-secretas-de-antano_resultado.jpg,https://zacatrus.es/unlock-miniaventuras-recetas-secretas-de-antano.html,"
                                Unlock! Miniaventuras: Recetas Secretas de Antaño                            ","6,99 €"
https://media.zacatrus.com/catalog/product/cache/ede91dc607ff58d6ff51aded48a7a72e/m/o/molecule_resultado.jpg,https://zacatrus.es/molecule.html,"
                                Molecule                            ","9,68 €"
https://media.zacatrus.com/catalog/product/cache/ede91dc607ff58d6ff51aded48a7a72e/l/o/loracana-jafar-booster.jpg,https://zacatrus.es/lorcana-reign-of-jafar-booster.html,"
                                Lorcana - Reign of Jafar: Booster                            ","5,99 €"
https://media.zacatrus.com/catalog/product/cache/ede91dc607ff58d6ff51aded48a7a72e/f/t/ft_todos-a-bordo.jpg,https://zacatrus.es/todos-a-bordo.html,"
                                ¡Todos a Bordo!                            ","40,50 €"
https://media.zacatrus.com/catalog/product/cache/ede91dc607ff58d6ff51aded48a7a72e/t/o/towerup_resultado.jpg,https://zacatrus.es/tower-up.html,"
                                Tower Up                            ","35,95 €"
https://media.zacatrus.com/catalog/product/cache/ede91dc607ff58d6ff51aded48a7a72e/f/t/ft-earthborne-rangers.jpg,https://zacatrus.es/earthborne-rangers.html,"
                                Earthborne Rangers                            ","85,50 €"
https://media.zacatrus.com/catalog/product/cache/ede91dc607ff58d6ff51aded48a7a72e/f/t/ft-earthborne-rangers-vivencias.jpg,https://zacatrus.es/earthborne-rangers-vivencias-del-camino.html,"
                                Earthborne Rangers: Vivencias del Camino                            ","18,00 €"
https://media.zacatrus.com/catalog/product/cache/ede91dc607ff58d6ff51aded48a7a72e/a/r/arcs.jpg,https://zacatrus.es/arcs.html,"
                                Arcs                            ","54,00 €"
https://media.zacatrus.com/catalog/product/cache/ede91dc607ff58d6ff51aded48a7a72e/m/a/mathattachs-caja-web.jpg,https://zacatrus.es/math-attacks.html,"
                                Math Attacks!                            ","15,25 €"
https://media.zacatrus.com/catalog/product/cache/ede91dc607ff58d6ff51aded48a7a72e/e/x/experimento626_resultado.jpg,https://zacatrus.es/disney-stitch-experimento-626.html,"
                                Disney Stitch Experimento 626                            ","13,49 €"
https://media.zacatrus.com/catalog/product/cache/ede91dc607ff58d6ff51aded48a7a72e/l/a/la-galaxia-de-los-numeros.jpg,https://zacatrus.es/la-galaxia-de-los-numeros.html,"
                                La Galaxia de los Números                            ","20,65 €"
https://media.zacatrus.com/catalog/product/cache/ede91dc607ff58d6ff51aded48a7a72e/d/i/distopia_top.jpg,https://zacatrus.es/distop-ia.html,"
                                Distop-IA                            ","16,50 €"
https://media.zacatrus.com/catalog/product/cache/ede91dc607ff58d6ff51aded48a7a72e/f/t/ft_kingdom-legacy-ambiciones.jpg,https://zacatrus.es/kingdom-legacy-ambiciones.html,"
                                Kingdom Legacy: Ambiciones                            ","7,20 €"
,#,,
https://media.zacatrus.com/catalog/product/cache/ede91dc607ff58d6ff51aded48a7a72e/s/e/seti.jpg,https://zacatrus.es/seti.html,"
                                SETI                            ","62,99 €"
https://media.zacatrus.com/catalog/product/cache/ede91dc607ff58d6ff51aded48a7a72e/t/e/terapeuta_pacotilla_resultado.jpg,https://zacatrus.es/terapeuta-de-pacotilla.html,"
                                Terapeuta de Pacotilla                            ","17,99 €"
https://media.zacatrus.com/catalog/product/cache/ede91dc607ff58d6ff51aded48a7a72e/e/l/elria_resultado.jpg,https://zacatrus.es/mundo-abierto-elria.html,"
                                Mundo Abierto: Elria                            ","17,95 €"
https://media.zacatrus.com/catalog/product/cache/ede91dc607ff58d6ff51aded48a7a72e/s/c/scandaloh_.png,https://zacatrus.es/scandaloh.html,"
                                ScandalOh!                            ","17,95 €"
https://media.zacatrus.com/catalog/product/cache/ede91dc607ff58d6ff51aded48a7a72e/j/u/juego-valkirias_resultado.jpg,https://zacatrus.es/valkirias.html,"
                                Valkirias                            ","24,85 €"
https://media.zacatrus.com/catalog/product/cache/ede91dc607ff58d6ff51aded48a7a72e/j/u/juego-gestrudis.jpg,https://zacatrus.es/gestrudis.html,"
                                Gestrudis                            ","14,35 €"
https://media.zacatrus.com/catalog/product/cache/ede91dc607ff58d6ff51aded48a7a72e/j/u/juego-cuidado-beetlejuice_resultado.jpg,https://zacatrus.es/cuidado-con-beetlejuice.html,"
                                Cuidado con Beetlejuice                            ","17,99 €"
https://media.zacatrus.com/catalog/product/cache/ede91dc607ff58d6ff51aded48a7a72e/j/u/juego-ocaso-republica-sobre_resultado.jpg,https://zacatrus.es/star-wars-unlimited-sobre-el-ocaso-de-la-republica.html,"
                                Star Wars Unlimited: Sobre El Ocaso de la República                            ","3,01 €"
https://media.zacatrus.com/catalog/product/cache/ede91dc607ff58d6ff51aded48a7a72e/p/l/plata-box.jpg,https://zacatrus.es/plata.html,"
                                Plata                            ","13,95 €"
https://media.zacatrus.com/catalog/product/cache/ede91dc607ff58d6ff51aded48a7a72e/t/a/tacogatocabraquesopizza_caja.png,https://zacatrus.es/taco-gato-cabra-queso-pizza.html,"
                                Taco Gato Cabra Queso Pizza                            ","12,59 €"
https://media.zacatrus.com/catalog/product/cache/ede91dc607ff58d6ff51aded48a7a72e/_/z/_zac048_gang_rush_breakout.jpeg,https://zacatrus.es/gang-rush-breakout.html,"
                                Gang Rush Breakout                            ","14,22 €"
https://media.zacatrus.com/catalog/product/cache/ede91dc607ff58d6ff51aded48a7a72e/m/i/misi_n-rescate.jpeg,https://zacatrus.es/mision-rescate.html,"
                                Misión Rescate                            ","12,55 €"
https://media.zacatrus.com/catalog/product/cache/ede91dc607ff58d6ff51aded48a7a72e/z/u/zumos_-_on_the_rocks_edition.jpeg,https://zacatrus.es/zumos-on-the-rocks-edition.html,"
                                Zumos - On the Rocks Edition                            ","8,96 €"
https://media.zacatrus.com/catalog/product/cache/ede91dc607ff58d6ff51aded48a7a72e/d/r/draftosaurusexp_3.jpg,https://zacatrus.es/draftosaurus-aerial-show.html,"
                                Draftosaurus: Aerial Show                            ","10,36 €"
https://media.zacatrus.com/catalog/product/cache/ede91dc607ff58d6ff51aded48a7a72e/l/e/leyenda_andor_portada.jpg,https://zacatrus.es/leyendas-de-andor.html,"
                                Leyendas de Andor                            ","37,79 €"
https://media.zacatrus.com/catalog/product/cache/ede91dc607ff58d6ff51aded48a7a72e/c/r/cryptd.jpg,https://zacatrus.es/cryptid.html,"
                                Cryptid                            ","31,45 €"
https://media.zacatrus.com/catalog/product/cache/ede91dc607ff58d6ff51aded48a7a72e/t/a/tak.jpg,https://zacatrus.es/tak.html,"
                                Tak                            ","36,00 €"
https://media.zacatrus.com/catalog/product/cache/ede91dc607ff58d6ff51aded48a7a72e/e/x/exploding_1.jpg,https://zacatrus.es/exploding-kittens.html,"
                                Exploding Kittens                            ","19,99 €"
https://media.zacatrus.com/catalog/product/cache/ede91dc607ff58d6ff51aded48a7a72e/t/e/telondeacero_1.jpg,https://zacatrus.es/telon-de-acero.html,"
                                Telón de Acero                            ","12,00 €"
https://media.zacatrus.com/catalog/product/cache/ede91dc607ff58d6ff51aded48a7a72e/e/l/el-castillo-del-terror-juego-de-cartas.jpg,https://zacatrus.es/el-castillo-del-terror.html,"
                                El Castillo del Terror                            ","15,00 €"
https://media.zacatrus.com/catalog/product/cache/ede91dc607ff58d6ff51aded48a7a72e/a/z/azul_3.jpg,https://zacatrus.es/azul.html,"
                                Azul                            ","44,99 €"
https://media.zacatrus.com/catalog/product/cache/ede91dc607ff58d6ff51aded48a7a72e/a/v/aventureros-al-tren_1.png,https://zacatrus.es/aventureros-al-tren.html,"
                                ¡Aventureros al tren!                            ","47,99 €"
https://media.zacatrus.com/catalog/product/cache/ede91dc607ff58d6ff51aded48a7a72e/j/u/juego-dixit.jpg,https://zacatrus.es/dixit.html,"
                                Dixit                            ","32,99 €"
https://media.zacatrus.com/catalog/product/cache/ede91dc607ff58d6ff51aded48a7a72e/a/1/a1.jpeg,https://zacatrus.es/bang.html,"
                                Bang!                            ","21,99 €"
https://media.zacatrus.com/catalog/product/cache/ede91dc607ff58d6ff51aded48a7a72e/j/u/juego-bhonanza.jpg,https://zacatrus.es/bohnanza.html,"
                                Bohnanza                            ","12,56 €"
https://media.zacatrus.com/catalog/product/cache/ede91dc607ff58d6ff51aded48a7a72e/e/d/edgmu1m_1.jpg,https://zacatrus.es/munchkin.html,"
                                Munchkin                            ","25,99 €"
https://media.zacatrus.com/catalog/product/cache/ede91dc607ff58d6ff51aded48a7a72e/z/o/zombiekidz1.png,https://zacatrus.es/zombie-kidz-evolution.html,"
                                Zombie Kidz Evolution                            ","23,99 €"
https://media.zacatrus.com/catalog/product/cache/ede91dc607ff58d6ff51aded48a7a72e/h/o/hombreslobo-caja.jpg,https://zacatrus.es/los-hombres-lobo-de-castronegro.html,"
                                Los Hombres Lobo de Castronegro                            ","9,95 €"
https://media.zacatrus.com/catalog/product/cache/ede91dc607ff58d6ff51aded48a7a72e/c/o/codex-naturalis-1.jpg,https://zacatrus.es/codex-naturalis.html,"
                                Codex Naturalis                            ","13,50 €"
https://media.zacatrus.com/catalog/product/cache/ede91dc607ff58d6ff51aded48a7a72e/p/a/paradice.jpeg,https://zacatrus.es/paradice.html,"
                                Paradice                            ","29,95 €"
https://media.zacatrus.com/catalog/product/cache/ede91dc607ff58d6ff51aded48a7a72e/j/u/juego-happy-little-dinosaurs.jpg,https://zacatrus.es/happy-little-dinosaurs.html,"
                                Happy Little Dinosaurs                            ","19,99 €"
https://media.zacatrus.com/catalog/product/cache/ede91dc607ff58d6ff51aded48a7a72e/j/u/jueog-ft-oscuridad-asfixiante-anochecer.jpg,https://zacatrus.es/la-oscuridad-asfixiante-anochecer.html,"
                                La Oscuridad Asfixiante - Anochecer                            ","18,00 €"
https://media.zacatrus.com/catalog/product/cache/ede91dc607ff58d6ff51aded48a7a72e/j/u/juego-unlock-mini-asesinato_resultado.jpg,https://zacatrus.es/unlock-miniaventuras-asesinato-en-birmingham.html,"
                                Unlock! Miniaventuras: Asesinato en Birmingham                            ","6,99 €"
https://media.zacatrus.com/catalog/product/cache/ede91dc607ff58d6ff51aded48a7a72e/j/u/juego-hidden-games-1_resultado.jpg,https://zacatrus.es/hidden-games-1-el-crimen-de-quintana-de-la-matanza.html,"
                                Hidden Games #1: El Crimen de Quintana de la Matanza                            ","22,42 €"
https://media.zacatrus.com/catalog/product/cache/ede91dc607ff58d6ff51aded48a7a72e/j/u/juego-la-tripulacion-2.jpg,https://zacatrus.es/la-tripulacion-2-mision-mar-profundo.html,"
                                La Tripulación 2: Misión Mar Profundo                            ","13,50 €"
https://media.zacatrus.com/catalog/product/cache/ede91dc607ff58d6ff51aded48a7a72e/e/x/exit-el-senor-de-los-anillos.jpg,https://zacatrus.es/exit-el-se-or-de-los-anillos-sombras-sobre-la-tierra-media.html,"
                                Exit El Señor de los Anillos: Sombras Sobre la Tierra Media                            ","13,50 €"
https://media.zacatrus.com/catalog/product/cache/ede91dc607ff58d6ff51aded48a7a72e/j/u/juego-oceanos-de-papel-12-600x338.jpg,https://zacatrus.es/oceanos-de-papel.html,"
                                Océanos de Papel                            ","12,55 €"
,#,,
https://media.zacatrus.com/catalog/product/cache/ede91dc607ff58d6ff51aded48a7a72e/c/a/caja_three_wishes.jpg,https://zacatrus.es/3-wishes.html,"
                                Three Wishes                            ","9,95 €"
https://media.zacatrus.com/catalog/product/cache/ede91dc607ff58d6ff51aded48a7a72e/j/u/juego-dioses-caja.jpg,https://zacatrus.es/dioses.html,"
                                Dioses!                            ","16,15 €"
https://media.zacatrus.com/catalog/product/cache/ede91dc607ff58d6ff51aded48a7a72e/f/t/ft_wr-la-ola-coreana_resultado.jpg,https://zacatrus.es/wok-and-roll-la-ola-coreana.html,"
                                Wok and Roll: La Ola Coreana                            ","13,50 €"
https://media.zacatrus.com/catalog/product/cache/ede91dc607ff58d6ff51aded48a7a72e/c/a/captura_de_pantalla_2025-06-10_075039_resultado.jpg,https://zacatrus.es/agent-avenue.html,"
                                Agent Avenue                            ","18,00 €"
https://media.zacatrus.com/catalog/product/cache/ede91dc607ff58d6ff51aded48a7a72e/d/u/dueloporcardia.jpg,https://zacatrus.es/duelo-por-cardia.html,"
                                Duelo por Cardia                            ","13,50 €"
https://media.zacatrus.com/catalog/product/cache/ede91dc607ff58d6ff51aded48a7a72e/s/d/sdgsmar1007.jpeg,https://zacatrus.es/smart-10-musica.html,"
                                Smart 10 - Música                            ","12,55 €"
https://media.zacatrus.com/catalog/product/cache/ede91dc607ff58d6ff51aded48a7a72e/m/a/masseffect_resultado.jpg,https://zacatrus.es/mass-effect-el-juego-de-tablero.html,"
                                Mass Effect - El Juego de Tablero                            ","44,99 €"
https://media.zacatrus.com/catalog/product/cache/ede91dc607ff58d6ff51aded48a7a72e/e/l/el-guerrero.jpg,https://zacatrus.es/el-guerrero.html,"
                                El Guerrero                            ","15,75 €"
https://media.zacatrus.com/catalog/product/cache/ede91dc607ff58d6ff51aded48a7a72e/c/a/capereurope_resultado.jpg,https://zacatrus.es/caper-europe.html,"
                                Caper Europe                            ","31,45 €"
https://media.zacatrus.com/catalog/product/cache/ede91dc607ff58d6ff51aded48a7a72e/f/t/ft_earth-abundance.jpg,https://zacatrus.es/earth-abundancia.html,"
                                Earth: Abundancia                            ","33,30 €"
https://media.zacatrus.com/catalog/product/cache/ede91dc607ff58d6ff51aded48a7a72e/b/g/bglospitufos.jpg,https://zacatrus.es/los-pitufos-la-aldea-escondida.html,"
                                Los Pitufos: La Aldea Escondida                            ","28,77 €"
https://media.zacatrus.com/catalog/product/cache/ede91dc607ff58d6ff51aded48a7a72e/e/t/etherstone-base-game-en-espanol-juego-de-mesa-tcg-factory_resultado.jpg,https://zacatrus.es/etherstone.html,"
                                Etherstone                            ","31,50 €"
https://media.zacatrus.com/catalog/product/cache/ede91dc607ff58d6ff51aded48a7a72e/m/a/marvelescaramuza_resultado.jpg,https://zacatrus.es/marvel-escaramuza-en-nueva-york.html,"
                                Marvel ¡Escaramuza! en Nueva York                            ","25,19 €"
https://media.zacatrus.com/catalog/product/cache/ede91dc607ff58d6ff51aded48a7a72e/f/r/frantic.jpg,https://zacatrus.es/frantic.html,"
                                Frantic                            ","16,15 €"
https://media.zacatrus.com/catalog/product/cache/ede91dc607ff58d6ff51aded48a7a72e/t/w/twistedcryptids_resultado.jpg,https://zacatrus.es/twisted-cryptids.html,"
                                Twisted Cryptids                            ","17,99 €"
https://media.zacatrus.com/catalog/product/cache/ede91dc607ff58d6ff51aded48a7a72e/n/o/northern.jpg,https://zacatrus.es/the-witcher-gwent-northern.html,"
                                The Witcher: Gwent - Sobre Héroes de Balada Legendarios NORTHERN REALMS                            ","7,15 €"
https://media.zacatrus.com/catalog/product/cache/ede91dc607ff58d6ff51aded48a7a72e/k/a/katua-.jpg,https://zacatrus.es/katua.html,"
                                Katua                            ","14,35 €"
https://media.zacatrus.com/catalog/product/cache/ede91dc607ff58d6ff51aded48a7a72e/p/e/petals.jpg,https://zacatrus.es/petals.html,"
                                Petals                            ","14,35 €"
https://media.zacatrus.com/catalog/product/cache/ede91dc607ff58d6ff51aded48a7a72e/p/y/pyradice.jpg,https://zacatrus.es/pyradice.html,"
                                Pyradice                            ","17,95 €"
https://media.zacatrus.com/catalog/product/cache/ede91dc607ff58d6ff51aded48a7a72e/c/a/campeones_resultado.jpg,https://zacatrus.es/campeones-oliver-y-benji-el-juego-de-cartas.html,"
                                Campeones: Oliver y Benji - El Juego de Cartas                            ","20,69 €"
https://media.zacatrus.com/catalog/product/cache/ede91dc607ff58d6ff51aded48a7a72e/i/i/ii2_lcb_-_selecci_n_fotos_01_resultado_resultado-removebg-preview.png,https://zacatrus.es/incomodos-invitados-2-los-casos-berwick.html,"
                                Incómodos Invitados 2:  Los Casos Berwick                            ","21,55 €"
https://media.zacatrus.com/catalog/product/cache/ede91dc607ff58d6ff51aded48a7a72e/h/i/hitsterbingo.jpg,https://zacatrus.es/hitster-bingo.html,"
                                Hitster Bingo                            ","31,49 €"
https://media.zacatrus.com/catalog/product/cache/ede91dc607ff58d6ff51aded48a7a72e/k/y/kyotononeko_resultado_1.jpg,https://zacatrus.es/kyoto-no-neko.html,"
                                Kyoto No Neko                            ","35,10 €"
https://media.zacatrus.com/catalog/product/cache/ede91dc607ff58d6ff51aded48a7a72e/p/a/pack-pirate-king.jpg,https://zacatrus.es/pirate-king.html,"
                                Pirate King                            ","11,19 €"
https://media.zacatrus.com/catalog/product/cache/ede91dc607ff58d6ff51aded48a7a72e/b/l/blackpanther_resultado.jpg,https://zacatrus.es/marvel-champions-black-panther.html,"
                                Marvel Champions: Black Panther                            ","15,29 €"
https://media.zacatrus.com/catalog/product/cache/ede91dc607ff58d6ff51aded48a7a72e/s/a/sail.jpg,https://zacatrus.es/sail.html,"
                                Sail                            ","21,59 €"
https://media.zacatrus.com/catalog/product/cache/ede91dc607ff58d6ff51aded48a7a72e/j/u/juego-heat.jpg,https://zacatrus.es/heat.html,"
                                Heat                            ","64,99 €"
https://media.zacatrus.com/catalog/product/cache/ede91dc607ff58d6ff51aded48a7a72e/f/t/ft_terraforming-mars-amazonis-vastitas_resultado.jpg,https://zacatrus.es/terraforming-mars-amazonis-y-vastitas.html,"
                                Terraforming Mars: Amazonis y Vastitas                            ","20,70 €"
https://media.zacatrus.com/catalog/product/cache/ede91dc607ff58d6ff51aded48a7a72e/f/t/ft_terraforming-mars-preludio-2_resultado.jpg,https://zacatrus.es/terraforming-mars-preludio-2.html,"
                                Terraforming Mars: Preludio 2                            ","16,20 €"
https://media.zacatrus.com/catalog/product/cache/ede91dc607ff58d6ff51aded48a7a72e/3/c/3capitulos.jpg,https://zacatrus.es/3-capitulos.html,"
                                3 Capítulos                            ","15,25 €"
https://media.zacatrus.com/catalog/product/cache/ede91dc607ff58d6ff51aded48a7a72e/w/h/whitecastle_matcha.jpg,https://zacatrus.es/the-white-castle-matcha.html,"
                                The White Castle: Matcha                            ","21,00 €"
https://media.zacatrus.com/catalog/product/cache/ede91dc607ff58d6ff51aded48a7a72e/t/a/tapete-elsa-the-fifth-spirit-azurite-sea-disney-lorcana-tcg_resultado.jpg,https://zacatrus.es/lorcana-tapete-elsa.html,"
                                Lorcana - Tapete Elsa                            ","14,60 €"
https://media.zacatrus.com/catalog/product/cache/ede91dc607ff58d6ff51aded48a7a72e/j/u/juego-arnak.jpg,https://zacatrus.es/las-ruinas-perdidas-de-arnak.html,"
                                Las Ruinas Perdidas de Arnak                            ","54,00 €"
https://media.zacatrus.com/catalog/product/cache/ede91dc607ff58d6ff51aded48a7a72e/t/e/terraforming-mars-conflictos-promo-ks-tablero-de-jugados.jpg,https://zacatrus.es/terraformig-mars-tableros-de-jugador.html,"
                                Terraforming Mars - Tableros de jugador                            ","14,40 €"
https://media.zacatrus.com/catalog/product/cache/ede91dc607ff58d6ff51aded48a7a72e/s/t/strike.png,https://zacatrus.es/strike.html,"
                                Strike                            ","25,17 €"
https://media.zacatrus.com/catalog/product/cache/ede91dc607ff58d6ff51aded48a7a72e/w/i/wingspan-expansion-oceania.jpg,https://zacatrus.es/wingspan-expansion-de-oceania.html,"
                                Wingspan: Expansión de Oceanía                            ","28,80 €"
https://media.zacatrus.com/catalog/product/cache/ede91dc607ff58d6ff51aded48a7a72e/l/m/lmm-caja.jpg,https://zacatrus.es/la-morada-maldita.html,"
                                La Morada Maldita                            ","16,96 €"
https://media.zacatrus.com/catalog/product/cache/ede91dc607ff58d6ff51aded48a7a72e/u/n/unmatched-battle-of-legends-volumen-1-juego-de-mesa-espanol-tcg-factory.jpg,https://zacatrus.es/unmatched-battle-of-legends-volumen-1.html,"
                                Unmatched: Battle Of Legends Volumen 1                            ","34,20 €"
https://media.zacatrus.com/catalog/product/cache/ede91dc607ff58d6ff51aded48a7a72e/s/p/spooktacular_resultado.jpg,https://zacatrus.es/spooktacular.html,"
                                Spooktacular                            ","54,00 €"
https://media.zacatrus.com/catalog/product/cache/ede91dc607ff58d6ff51aded48a7a72e/m/e/memoir44_resultado.jpg,https://zacatrus.es/memoir-44-espa-ol.html,"
                                Memoir '44                            ","58,49 €"
https://media.zacatrus.com/catalog/product/cache/ede91dc607ff58d6ff51aded48a7a72e/j/u/juego-dobble-kids_resultado.jpg,https://zacatrus.es/dobble-kids.html,"
                                Dobble kids                            ","13,99 €"
https://media.zacatrus.com/catalog/product/cache/ede91dc607ff58d6ff51aded48a7a72e/c/o/colt_express_2.png,https://zacatrus.es/colt-express.html,"
                                Colt Express                            ","34,99 €"
https://media.zacatrus.com/catalog/product/cache/ede91dc607ff58d6ff51aded48a7a72e/c/i/ciudad1_1.png,https://zacatrus.es/ciudadelas-clasico.html,"
                                Ciudadelas Clásico                            ","15,99 €"
https://media.zacatrus.com/catalog/product/cache/ede91dc607ff58d6ff51aded48a7a72e/c/o/codigo_secreto_imagenes_1.jpg,https://zacatrus.es/codigo-secreto-imagenes.html,"
                                Código secreto: Imágenes                            ","22,49 €"
https://media.zacatrus.com/catalog/product/cache/ede91dc607ff58d6ff51aded48a7a72e/s/a/saboteur_2.png,https://zacatrus.es/saboteur-los-enanos-contraatacan.html,"
                                Saboteur, ¡los enanos contraatacan!                            ","18,85 €"
https://media.zacatrus.com/catalog/product/cache/ede91dc607ff58d6ff51aded48a7a72e/t/e/terraforming_mars_preludio.jpg,https://zacatrus.es/terraforming-mars-preludio.html,"
                                Terraforming Mars: Preludio                            ","16,20 €"
https://media.zacatrus.com/catalog/product/cache/ede91dc607ff58d6ff51aded48a7a72e/f/t/ft_tmcolonias-400x509.jpg,https://zacatrus.es/terraforming-mars-colonias.html,"
                                Terraforming Mars: Colonias                            ","22,50 €"
https://media.zacatrus.com/catalog/product/cache/ede91dc607ff58d6ff51aded48a7a72e/v/i/virus-2.jpg,https://zacatrus.es/virus-2-evolution.html,"
                                Virus 2 Evolution                            ","11,95 €"
,#,,
https://media.zacatrus.com/catalog/product/cache/ede91dc607ff58d6ff51aded48a7a72e/j/u/juego-galaxy-trucker.jpg,https://zacatrus.es/galaxy-trucker-2022.html,"
                                Galaxy Trucker                            ","32,39 €"
https://media.zacatrus.com/catalog/product/cache/ede91dc607ff58d6ff51aded48a7a72e/j/u/juego-barrio.jpg,https://zacatrus.es/barrio.html,"
                                Barrio                            ","14,35 €"
https://media.zacatrus.com/catalog/product/cache/ede91dc607ff58d6ff51aded48a7a72e/j/u/juego-paren-la-nave_3dbox_rgb.jpg,https://zacatrus.es/paren-la-nave.html,"
                                ¡Paren la Nave!                            ","22,45 €"
https://media.zacatrus.com/catalog/product/cache/ede91dc607ff58d6ff51aded48a7a72e/j/u/juego-pollo-vs-perrito_3dbox_rgb.jpg,https://zacatrus.es/pollo-vs-perrito.html,"
                                Pollo vs. Perrito                            ","20,48 €"
https://media.zacatrus.com/catalog/product/cache/ede91dc607ff58d6ff51aded48a7a72e/j/u/juego-obsesion-arriba-abajo.jpg,https://zacatrus.es/obsesion-arriba-y-abajo.html,"
                                Obsesión: Arriba y Abajo                            ","31,50 €"
https://media.zacatrus.com/catalog/product/cache/ede91dc607ff58d6ff51aded48a7a72e/j/u/juego-obsesion-wessex.jpg,https://zacatrus.es/obsesion-wessex.html,"
                                Obsesión: Wessex                            ","18,00 €"
,#,,
https://media.zacatrus.com/catalog/product/cache/ede91dc607ff58d6ff51aded48a7a72e/f/t/ft_kingdomlegacy_aventuras_resultado.jpg,https://zacatrus.es/kingdom-legacy-aventuras.html,"
                                Kingdom Legacy: Aventuras                            ","7,20 €"
https://media.zacatrus.com/catalog/product/cache/ede91dc607ff58d6ff51aded48a7a72e/f/t/ft_kingdomlegacy_comerciantes_resultado.jpg,https://zacatrus.es/kingdom-legacy-comerciantes.html,"
                                Kingdom Legacy: Comerciantes                            ","7,20 €"
https://media.zacatrus.com/catalog/product/cache/ede91dc607ff58d6ff51aded48a7a72e/z/y/zyghm0101es_1_resultado.jpg,https://zacatrus.es/happy-mochi.html,"
                                Happy Mochi                            ","10,79 €"
,#,,
https://media.zacatrus.com/catalog/product/cache/ede91dc607ff58d6ff51aded48a7a72e/j/u/juego-baraja.jpg,https://zacatrus.es/la-baraja.html,"
                                La Baraja                            ","4,50 €"
https://media.zacatrus.com/catalog/product/cache/ede91dc607ff58d6ff51aded48a7a72e/j/u/juego-caja_3d-dorfromantik_resultado.jpg,https://zacatrus.es/dorfromantik.html,"
                                Dorfromantik                            ","40,45 €"
https://media.zacatrus.com/catalog/product/cache/ede91dc607ff58d6ff51aded48a7a72e/j/u/juego-mucho-cucurucho_resultado_1.jpg,https://zacatrus.es/mucho-cucurucho-25.html,"
                                Mucho Cucurucho                            ","13,49 €"
https://media.zacatrus.com/catalog/product/cache/ede91dc607ff58d6ff51aded48a7a72e/j/u/juego-caja_3d-aeons-guerra-600_resultado.jpg,https://zacatrus.es/aeon-s-end-la-guerra-eterna.html,"
                                Aeon's End: La Guerra Eterna                            ","79,16 €"
https://media.zacatrus.com/catalog/product/cache/ede91dc607ff58d6ff51aded48a7a72e/j/u/juego-laruina.jpg,https://zacatrus.es/la-ruina.html,"
                                La Ruina                            ","16,15 €"
https://media.zacatrus.com/catalog/product/cache/ede91dc607ff58d6ff51aded48a7a72e/j/u/juego-ft_frostpunk.jpg,https://zacatrus.es/frostpunk.html,"
                                Frostpunk                            ","108,00 €"
https://media.zacatrus.com/catalog/product/cache/ede91dc607ff58d6ff51aded48a7a72e/j/u/juego-timeline-twist-pop-culture_resultado.jpg,https://zacatrus.es/timeline-twist-pop-culture.html,"
                                Timeline Twist - Pop Culture                            ","12,95 €"
https://media.zacatrus.com/catalog/product/cache/ede91dc607ff58d6ff51aded48a7a72e/j/u/juego-earth.jpg,https://zacatrus.es/earth.html,"
                                Earth                            ","45,00 €"
https://media.zacatrus.com/catalog/product/cache/ede91dc607ff58d6ff51aded48a7a72e/j/u/juego-elemental-duel_resultado.jpg,https://zacatrus.es/elemental-duel.html,"
                                Elemental Duel                            ","11,25 €"
https://media.zacatrus.com/catalog/product/cache/ede91dc607ff58d6ff51aded48a7a72e/p/e/pergola_resultado.jpg,https://zacatrus.es/pergola.html,"
                                Pérgola                            ","37,79 €"
https://media.zacatrus.com/catalog/product/cache/ede91dc607ff58d6ff51aded48a7a72e/5/9/5902560389074-1200-face3d.jpg,https://zacatrus.es/thorgal-character-set.html,"
                                Thorgal: Character Set                            ","18,67 €"
https://media.zacatrus.com/catalog/product/cache/ede91dc607ff58d6ff51aded48a7a72e/f/o/forest_gangs.jpg,https://zacatrus.es/forest-gangs.html,"
                                Forest Gangs                            ","9,00 €"
https://media.zacatrus.com/catalog/product/cache/ede91dc607ff58d6ff51aded48a7a72e/m/i/mindbug-fruta-sobre.jpg,https://zacatrus.es/mindbug-batalla-de-frutas-promo.html,"
                                Mindbug Batalla de Frutas: Promo Cartas Adicionales                            ","8,10 €"
https://media.zacatrus.com/catalog/product/cache/ede91dc607ff58d6ff51aded48a7a72e/m/i/mindbug-equipo.jpg,https://zacatrus.es/mindbug-equipos-2-contra-2.html,"
                                Mindbug Equipos 2 contra 2                            ","13,50 €"
https://media.zacatrus.com/catalog/product/cache/ede91dc607ff58d6ff51aded48a7a72e/e/l/el-bosque-de-los-susurros_1.jpg,https://zacatrus.es/el-bosque-de-los-susurros.html,"
                                El Bosque de los Susurros                            ","24,30 €"
https://media.zacatrus.com/catalog/product/cache/ede91dc607ff58d6ff51aded48a7a72e/e/x/exploradores_de_navoria.jpg,https://zacatrus.es/exploradores-de-navoria.html,"
                                Exploradores de Navoria                            ","36,00 €"
https://media.zacatrus.com/catalog/product/cache/ede91dc607ff58d6ff51aded48a7a72e/r/e/reott01es_01_resultado.jpg,https://zacatrus.es/nutrias.html,"
                                Nutrias                            ","10,79 €"
https://media.zacatrus.com/catalog/product/cache/ede91dc607ff58d6ff51aded48a7a72e/s/p/speed_cups_es.jpg,https://zacatrus.es/speed-cups.html,"
                                Speed Cups                            ","19,76 €"
https://media.zacatrus.com/catalog/product/cache/ede91dc607ff58d6ff51aded48a7a72e/t/h/the-pillbug-expansion-hive-pocket-esengrfr.jpg,https://zacatrus.es/hive-exp-bicho-bola.html,"
                                Hive Pocket: Bicho-bola                            ","8,99 €"
https://media.zacatrus.com/catalog/product/cache/ede91dc607ff58d6ff51aded48a7a72e/s/u/sushi_2.jpg,https://zacatrus.es/sushi-go-party.html,"
                                Sushi Go Party                            ","22,49 €"
https://media.zacatrus.com/catalog/product/cache/ede91dc607ff58d6ff51aded48a7a72e/b/e/bes_of_hombre_lobo_de_castronegro.jpg,https://zacatrus.es/best-of-los-hombres-lobo-de-castronegro.html,"
                                Best of... Los Hombres Lobo de Castronegro                            ","17,99 €"
https://media.zacatrus.com/catalog/product/cache/ede91dc607ff58d6ff51aded48a7a72e/e/x/exit1_1.jpg,https://zacatrus.es/exit-1-la-caba-a-abandonada.html,"
                                Exit 1: La cabaña abandonada                            ","13,50 €"
https://media.zacatrus.com/catalog/product/cache/ede91dc607ff58d6ff51aded48a7a72e/j/u/juego-hanabi_resultado.jpg,https://zacatrus.es/hanabi.html,"
                                Hanabi                            ","12,99 €"
,#,,
https://media.zacatrus.com/catalog/product/cache/ede91dc607ff58d6ff51aded48a7a72e/t/e/texasholdit_resultado.jpg,https://zacatrus.es/texas-hold-it.html,"
                                Texas Hold It                            ","8,99 €"
https://media.zacatrus.com/catalog/product/cache/ede91dc607ff58d6ff51aded48a7a72e/n/i/nilfgaard.jpg,https://zacatrus.es/the-witcher-gwent-nilfgaard.html,"
                                The Witcher: Gwent - Sobre Héroes de Balada Legendarios NILFGAARD                            ","7,15 €"
https://media.zacatrus.com/catalog/product/cache/ede91dc607ff58d6ff51aded48a7a72e/r/u/rudolph.jpg,https://zacatrus.es/rudolph.html,"
                                Rudolph                            ","8,99 €"
https://media.zacatrus.com/catalog/product/cache/ede91dc607ff58d6ff51aded48a7a72e/u/n/unlockcorazonoceano_resultado.jpg,https://zacatrus.es/unlock-miniaventuras-el-corazon-del-oceano.html,"
                                Unlock! Miniaventuras: El Corazón del Océano                            ","6,29 €"
https://media.zacatrus.com/catalog/product/cache/ede91dc607ff58d6ff51aded48a7a72e/f/t/ft-emberheart.jpg,https://zacatrus.es/emberheart.html,"
                                Emberheart                            ","31,50 €"
https://media.zacatrus.com/catalog/product/cache/ede91dc607ff58d6ff51aded48a7a72e/d/o/dorfsakura.jpeg,https://zacatrus.es/dorfromantik-sakura.html,"
                                Dorfromantik: Sakura                            ","40,45 €"
https://media.zacatrus.com/catalog/product/cache/ede91dc607ff58d6ff51aded48a7a72e/d/i/dioses2-render-caja-transparente_resultado.jpg,https://zacatrus.es/dioses-aun-mas-divinos.html,"
                                Dioses! Aún Más Divinos                            ","14,35 €"
https://media.zacatrus.com/catalog/product/cache/ede91dc607ff58d6ff51aded48a7a72e/c/u/cudillero-juego-mesa.jpg,https://zacatrus.es/cudillero.html,"
                                Cudillero                            ","19,80 €"
https://media.zacatrus.com/catalog/product/cache/ede91dc607ff58d6ff51aded48a7a72e/c/l/clans.jpg,https://zacatrus.es/clans.html,"
                                Clans                            ","9,50 €"
https://media.zacatrus.com/catalog/product/cache/ede91dc607ff58d6ff51aded48a7a72e/f/t/ft_voidfall.jpg,https://zacatrus.es/voidfall.html,"
                                Voidfall                            ","90,00 €"
https://media.zacatrus.com/catalog/product/cache/ede91dc607ff58d6ff51aded48a7a72e/a/p/apestosillo_resultado.jpg,https://zacatrus.es/apestosillo.html,"
                                Apestosillo                            ","17,99 €"
https://media.zacatrus.com/catalog/product/cache/ede91dc607ff58d6ff51aded48a7a72e/p/a/partypandapirates.jpg,https://zacatrus.es/party-panda-pirates.html,"
                                Party Panda Pirates                            ","26,99 €"
https://media.zacatrus.com/catalog/product/cache/ede91dc607ff58d6ff51aded48a7a72e/r/a/raptorrace.jpg,https://zacatrus.es/raptor-race.html,"
                                Raptor Race                            ","20,02 €"
https://media.zacatrus.com/catalog/product/cache/ede91dc607ff58d6ff51aded48a7a72e/s/d/sdg-componentes-micromacro-kids-1-1536x1536_resultado.jpg,https://zacatrus.es/micro-macro-kids.html,"
                                Micro Macro Kids                            ","26,95 €"
https://media.zacatrus.com/catalog/product/cache/ede91dc607ff58d6ff51aded48a7a72e/k/r/kronologic_resultado.jpg,https://zacatrus.es/kronologic.html,"
                                Kronologic                            ","22,45 €"
https://media.zacatrus.com/catalog/product/cache/ede91dc607ff58d6ff51aded48a7a72e/f/t/ft-pagan-a-traves-de-la-niebla.jpg,https://zacatrus.es/pagan-el-destino-de-roanoke-a-traves-de-la-niebla.html,"
                                Pagan: El Destino de Roanoke - A Través de la Niebla                            ","4,05 €"
https://media.zacatrus.com/catalog/product/cache/ede91dc607ff58d6ff51aded48a7a72e/f/t/ft-pagan-culpables-o-inocentes.jpg,https://zacatrus.es/pagan-el-destino-de-roanoke-culpables-o-inocentes.html,"
                                Pagan: El Destino de Roanoke - Culpables o Inocentes                            ","4,05 €"
https://media.zacatrus.com/catalog/product/cache/ede91dc607ff58d6ff51aded48a7a72e/f/t/ft-pagan-tras-el-velo.jpg,https://zacatrus.es/pagan-el-destino-de-roanoke-tras-el-velo.html,"
                                Pagan: El Destino de Roanoke - Tras el Velo                            ","4,05 €"
https://media.zacatrus.com/catalog/product/cache/ede91dc607ff58d6ff51aded48a7a72e/r/o/roborally.jpg,https://zacatrus.es/robo-rally-2025.html,"
                                Robo Rally                            ","43,20 €"
https://media.zacatrus.com/catalog/product/cache/ede91dc607ff58d6ff51aded48a7a72e/f/t/ft-mazmorra-en-1-carta-pico-eterno.jpg,https://zacatrus.es/mazmorra-en-1-carta-pico-eterno.html,"
                                Mazmorra en 1 Carta: Pico Eterno                            ","4,50 €"
https://media.zacatrus.com/catalog/product/cache/ede91dc607ff58d6ff51aded48a7a72e/f/t/ft-mazmorra-en-1-carta-lucha-en-el-puerto.jpg,https://zacatrus.es/mazmorra-en-1-carta-lucha-en-el-puerto.html,"
                                Mazmorra en 1 Carta: Lucha en el Puerto                            ","4,50 €"
https://media.zacatrus.com/catalog/product/cache/ede91dc607ff58d6ff51aded48a7a72e/f/t/ft-infiltraidorers.jpg,https://zacatrus.es/infiltraidores.html,"
                                Infiltraidores                            ","18,00 €"
https://media.zacatrus.com/catalog/product/cache/ede91dc607ff58d6ff51aded48a7a72e/u/n/unlimitedhoth_resultado.jpg,https://zacatrus.es/star-wars-unlimited-primera-batalla-hoth.html,"
                                Star Wars Unlimited: Primera Batalla Hoth                            ","17,99 €"
https://media.zacatrus.com/catalog/product/cache/ede91dc607ff58d6ff51aded48a7a72e/e/x/explodingtablerosuperfan_resultado.jpg,https://zacatrus.es/exploding-kittens-el-juego-de-tablero-superfan-ed.html,"
                                Exploding Kittens: El Juego de Tablero SuperFan Ed.                            ","26,99 €"
,#,,
https://media.zacatrus.com/catalog/product/cache/ede91dc607ff58d6ff51aded48a7a72e/e/l/ellagoenllamas.jpg,https://zacatrus.es/el-lago-en-llamas.html,"
                                El Lago en Llamas                            ","54,17 €"
https://media.zacatrus.com/catalog/product/cache/ede91dc607ff58d6ff51aded48a7a72e/e/n/en_busca_de_atlantis_resultado.jpg,https://zacatrus.es/en-busca-de-atlantis.html,"
                                En Busca de Atlantis                            ","12,35 €"
https://media.zacatrus.com/catalog/product/cache/ede91dc607ff58d6ff51aded48a7a72e/m/a/mazmorra-en-una-carta.jpg,https://zacatrus.es/mazmorra-en-1-carta.html,"
                                Mazmorra en 1 Carta                            ","10,80 €"
https://media.zacatrus.com/catalog/product/cache/ede91dc607ff58d6ff51aded48a7a72e/j/u/juego-virus-rr_resultado.jpg,https://zacatrus.es/virus-roll-write.html,"
                                Virus Roll & Write                            ","22,45 €"
https://media.zacatrus.com/catalog/product/cache/ede91dc607ff58d6ff51aded48a7a72e/j/u/juego-takenokolor_resultado.jpg,https://zacatrus.es/takenokolor.html,"
                                Takenokolor                            ","16,23 €"
,#,,
